{
    "Mean Loan Amount": 941212.1212121212,
    "Median Salary": 97000.0,
    "90 Percentile Interest Rate": 12.62,
    "Correlation": 0.20987720738214066,
    "Standard Deviation": 588216.3979031587,
    "Default Percentage": 33.33333333333333,
    "NPA Percentage": 33.33333333333333,
    "Average EMI": 12805.598869967413,
    "Expected Loss": 6289694.117647057
}